Adam_Donachie,BAL,Catcher,74.0,180.0,22.0
Paul_Bako,BAL,Catcher,74.0,215.0,34.0
Ramon_Hernandez,BAL,Catcher,72.0,210.0,30.0
Kevin_Millar,BAL,First_Baseman,72.0,210.0,35.0
Chris_Gomez,BAL,First_Baseman,73.0,188.0,35.0
Brian_Roberts,BAL,Second_Baseman,69.0,176.0,29.0
Miguel_Tejada,BAL,Shortstop,69.0,209.0,30.0
Melvin_Mora,BAL,Third_Baseman,71.0,200.0,35.0
Aubrey_Huff,BAL,Third_Baseman,76.0,231.0,30.0
Adam_Stern,BAL,Outfielder,71.0,180.0,27.0
Jeff_Fiorentino,BAL,Outfielder,73.0,188.0,23.0
Freddie_Bynum,BAL,Outfielder,73.0,180.0,26.0
Nick_Markakis,BAL,Outfielder,74.0,185.0,23.0
Brandon_Fahey,BAL,Outfielder,74.0,160.0,26.0
Corey_Patterson,BAL,Outfielder,69.0,180.0,27.0
Jay_Payton,BAL,Outfielder,70.0,185.0,34.0
Jay_Gibbons,BAL,Designated_Hitter,72.0,197.0,30.0
Erik_Bedard,BAL,Starting_Pitcher,73.0,189.0,27.0
Hayden_Penn,BAL,Starting_Pitcher,75.0,185.0,22.0
Adam_Loewen,BAL,Starting_Pitcher,78.0,219.0,22.0
Daniel_Cabrera,BAL,Starting_Pitcher,79.0,230.0,25.0
Steve_Trachsel,BAL,Starting_Pitcher,76.0,205.0,36.0
Jaret_Wright,BAL,Starting_Pitcher,74.0,230.0,31.0
Kris_Benson,BAL,Starting_Pitcher,76.0,195.0,32.0
Scott_Williamson,BAL,Relief_Pitcher,72.0,180.0,31.0
John_Parrish,BAL,Relief_Pitcher,71.0,192.0,29.0
Danys_Baez,BAL,Relief_Pitcher,75.0,225.0,29.0
Chad_Bradford,BAL,Relief_Pitcher,77.0,203.0,32.0
Jamie_Walker,BAL,Relief_Pitcher,74.0,195.0,35.0
Brian_Burres,BAL,Relief_Pitcher,73.0,182.0,25.0
Kurt_Birkins,BAL,Relief_Pitcher,74.0,188.0,26.0
James_Hoey,BAL,Relief_Pitcher,78.0,200.0,24.0
Sendy_Rleal,BAL,Relief_Pitcher,73.0,180.0,26.0
Chris_Ray,BAL,Relief_Pitcher,75.0,200.0,25.0
Jeremy_Guthrie,BAL,Relief_Pitcher,73.0,200.0,27.0
A.J._Pierzynski,CWS,Catcher,75.0,245.0,30.0
Toby_Hall,CWS,Catcher,75.0,240.0,31.0
Paul_Konerko,CWS,First_Baseman,74.0,215.0,30.0
Tadahito_Iguchi,CWS,Second_Baseman,69.0,185.0,32.0
Juan_Uribe,CWS,Shortstop,71.0,175.0,27.0
Alex_Cintron,CWS,Shortstop,74.0,199.0,28.0
Joe_Crede,CWS,Third_Baseman,73.0,200.0,28.0
Josh_Fields,CWS,Third_Baseman,73.0,215.0,24.0
Ryan_Sweeney,CWS,Outfielder,76.0,200.0,22.0
Brian_N._Anderson,CWS,Outfielder,74.0,205.0,24.0
Luis_Terrero,CWS,Outfielder,74.0,206.0,26.0
Pablo_Ozuna,CWS,Outfielder,70.0,186.0,32.0
Scott_Podsednik,CWS,Outfielder,72.0,188.0,30.0
Jermaine_Dye,CWS,Outfielder,77.0,220.0,33.0
Darin_Erstad,CWS,Outfielder,74.0,210.0,32.0
Rob_Mackowiak,CWS,Outfielder,70.0,195.0,30.0
Jim_Thome,CWS,Designated_Hitter,76.0,244.0,36.0
Jerry_Owens,CWS,Designated_Hitter,75.0,195.0,26.0
Charlie_Haeger,CWS,Starting_Pitcher,73.0,200.0,23.0
Heath_Phillips,CWS,Starting_Pitcher,75.0,200.0,24.0
Gavin_Floyd,CWS,Starting_Pitcher,76.0,212.0,24.0
Jose_Contreras,CWS,Starting_Pitcher,76.0,224.0,35.0
Jon_Garland,CWS,Starting_Pitcher,78.0,210.0,27.0
Javier_Vazquez,CWS,Starting_Pitcher,74.0,205.0,30.0
Mark_Buehrle,CWS,Starting_Pitcher,74.0,220.0,27.0
Mike_MacDougal,CWS,Relief_Pitcher,76.0,195.0,29.0
David_Aardsma,CWS,Relief_Pitcher,77.0,200.0,25.0
Andrew_Sisco,CWS,Relief_Pitcher,81.0,260.0,24.0
Matt_Thornton,CWS,Relief_Pitcher,78.0,228.0,30.0
Bobby_Jenks,CWS,Relief_Pitcher,75.0,270.0,25.0
Boone_Logan,CWS,Relief_Pitcher,77.0,200.0,22.0
Sean_Tracey,CWS,Relief_Pitcher,75.0,210.0,26.0
Nick_Masset,CWS,Relief_Pitcher,76.0,190.0,24.0
Jose_Molina,ANA,Catcher,74.0,220.0,31.0
Jeff_Mathis,ANA,Catcher,72.0,180.0,23.0
Mike_Napoli,ANA,Catcher,72.0,205.0,25.0
Casey_Kotchman,ANA,First_Baseman,75.0,210.0,24.0
Kendry_Morales,ANA,First_Baseman,73.0,220.0,23.0
Shea_Hillenbrand,ANA,First_Baseman,73.0,211.0,31.0
Robb_Quinlan,ANA,First_Baseman,73.0,200.0,29.0
Howie_Kendrick,ANA,First_Baseman,70.0,180.0,23.0
Orlando_Cabrera,ANA,Shortstop,70.0,190.0,32.0
Erick_Aybar,ANA,Shortstop,70.0,170.0,23.0
Dallas_McPherson,ANA,Third_Baseman,76.0,230.0,26.0
Maicer_Izturis,ANA,Third_Baseman,68.0,155.0,26.0
Reggie_Willits,ANA,Outfielder,71.0,185.0,25.0
Tommy_Murphy,ANA,Outfielder,72.0,185.0,27.0
Terry_Evans,ANA,Outfielder,75.0,200.0,25.0
Gary_Matthews_Jr.,ANA,Outfielder,75.0,225.0,32.0
Garret_Anderson,ANA,Outfielder,75.0,225.0,34.0
Vladimir_Guerrero,ANA,Outfielder,75.0,220.0,31.0
Chone_Figgins,ANA,Outfielder,68.0,160.0,29.0
Juan_Rivera,ANA,Outfielder,74.0,205.0,28.0
John_Lackey,ANA,Starting_Pitcher,78.0,235.0,28.0
Bartolo_Colon,ANA,Starting_Pitcher,71.0,250.0,33.0
Kelvim_Escobar,ANA,Starting_Pitcher,73.0,210.0,30.0
Dustin_Moseley,ANA,Starting_Pitcher,76.0,190.0,37.0
Ervin_Santana,ANA,Starting_Pitcher,74.0,160.0,24.0
Joe_Saunders,ANA,Starting_Pitcher,74.0,200.0,25.0
Jered_Weaver,ANA,Starting_Pitcher,79.0,205.0,24.0
Chris_Resop,ANA,Relief_Pitcher,75.0,222.0,24.0
Phil_Seibel,ANA,Relief_Pitcher,73.0,195.0,28.0
Justin_Speier,ANA,Relief_Pitcher,76.0,205.0,33.0
Darren_Oliver,ANA,Relief_Pitcher,74.0,220.0,36.0
Hector_Carrasco,ANA,Relief_Pitcher,74.0,220.0,37.0
Scot_Shields,ANA,Relief_Pitcher,73.0,170.0,31.0
Francisco_Rodriguez,ANA,Relief_Pitcher,72.0,185.0,25.0
Greg_Jones,ANA,Relief_Pitcher,74.0,195.0,30.0
Doug_Mirabelli,BOS,Catcher,73.0,220.0,36.0
Jason_Varitek,BOS,Catcher,74.0,230.0,34.0
George_Kottaras,BOS,Catcher,72.0,180.0,23.0
Kevin_Youkilis,BOS,First_Baseman,73.0,220.0,27.0
Dustin_Pedroia,BOS,Second_Baseman,69.0,180.0,23.0
Alex_Cora,BOS,Shortstop,72.0,180.0,31.0
Julio_Lugo,BOS,Shortstop,73.0,170.0,31.0
Mike_Lowell,BOS,Third_Baseman,75.0,210.0,33.0
Wily_Mo_Pe?a,BOS,Outfielder,75.0,215.0,25.0
J.D._Drew,BOS,Outfielder,73.0,200.0,31.0
Manny_Ramirez,BOS,Outfielder,72.0,213.0,34.0
Brandon_Moss,BOS,Outfielder,72.0,180.0,23.0
David_Murphy,BOS,Outfielder,76.0,192.0,25.0
Eric_Hinske,BOS,Outfielder,74.0,235.0,29.0
Coco_Crisp,BOS,Outfielder,72.0,185.0,27.0
David_Ortiz,BOS,Designated_Hitter,76.0,230.0,31.0
Curt_Schilling,BOS,Starting_Pitcher,77.0,235.0,40.0
Tim_Wakefield,BOS,Starting_Pitcher,74.0,210.0,40.0
Josh_Beckett,BOS,Starting_Pitcher,77.0,222.0,26.0
Matt_Clement,BOS,Starting_Pitcher,75.0,210.0,32.0
Jonathan_Papelbon,BOS,Starting_Pitcher,76.0,230.0,26.0
Kyle_Snyder,BOS,Starting_Pitcher,80.0,220.0,29.0
Devern_Hansack,BOS,Starting_Pitcher,74.0,180.0,29.0
Jon_Lester,BOS,Starting_Pitcher,74.0,190.0,23.0
Kason_Gabbard,BOS,Starting_Pitcher,75.0,200.0,24.0
Craig_Hansen,BOS,Relief_Pitcher,78.0,210.0,23.0
Hideki_Okajima,BOS,Relief_Pitcher,73.0,194.0,31.0
Craig_Breslow,BOS,Relief_Pitcher,73.0,180.0,26.0
Manny_Delcarmen,BOS,Relief_Pitcher,74.0,190.0,25.0
Brendan_Donnelly,BOS,Relief_Pitcher,75.0,240.0,35.0
Javier_Lopez,BOS,Relief_Pitcher,76.0,200.0,29.0
J.C._Romero,BOS,Relief_Pitcher,71.0,198.0,30.0
Joel_Pineiro,BOS,Relief_Pitcher,73.0,200.0,28.0
Julian_Tavarez,BOS,Relief_Pitcher,74.0,195.0,33.0
Mike_Timlin,BOS,Relief_Pitcher,76.0,210.0,40.0
Nick_DeBarr,BOS,Relief_Pitcher,76.0,220.0,23.0
Victor_Martinez,CLE,Catcher,74.0,190.0,28.0
Kelly_Shoppach,CLE,Catcher,73.0,210.0,26.0
Ryan_Garko,CLE,First_Baseman,74.0,225.0,26.0
Joe_Inglett,CLE,Second_Baseman,70.0,180.0,28.0
Josh_Barfield,CLE,Second_Baseman,72.0,185.0,24.0
Hector_Luna,CLE,Second_Baseman,73.0,170.0,27.0
Jhonny_Peralta,CLE,Shortstop,73.0,185.0,24.0
Andy_Marte,CLE,Third_Baseman,73.0,185.0,23.0
Ben_Francisco,CLE,Outfielder,73.0,180.0,25.0
Shin-Soo_Choo,CLE,Outfielder,71.0,178.0,24.0
Franklin_Gutierrez,CLE,Outfielder,74.0,175.0,24.0
Grady_Sizemore,CLE,Outfielder,74.0,200.0,24.0
Jason_Michaels,CLE,Outfielder,72.0,204.0,30.0
Trot_Nixon,CLE,Outfielder,74.0,211.0,32.0
David_Dellucci,CLE,Outfielder,71.0,190.0,33.0
Casey_Blake,CLE,Outfielder,74.0,210.0,33.0
Travis_Hafner,CLE,Designated_Hitter,75.0,240.0,29.0
Paul_Byrd,CLE,Starting_Pitcher,73.0,190.0,36.0
Cliff_Lee,CLE,Starting_Pitcher,75.0,190.0,28.0
Jake_Westbrook,CLE,Starting_Pitcher,75.0,185.0,29.0
C.C._Sabathia,CLE,Starting_Pitcher,79.0,290.0,26.0
Jeremy_Sowers,CLE,Starting_Pitcher,73.0,175.0,23.0
Rafael_Perez,CLE,Relief_Pitcher,75.0,185.0,24.0
Brian_Slocum,CLE,Relief_Pitcher,76.0,200.0,25.0
Edward_Mujica,CLE,Relief_Pitcher,74.0,220.0,22.0
Fernando_Cabrera,CLE,Relief_Pitcher,76.0,170.0,25.0
Tom_Mastny,CLE,Relief_Pitcher,78.0,220.0,26.0
Juan_Lara,CLE,Relief_Pitcher,74.0,190.0,26.0
Fausto_Carmona,CLE,Relief_Pitcher,76.0,220.0,23.0
Aaron_Fultz,CLE,Relief_Pitcher,72.0,205.0,33.0
Rafael_Betancourt,CLE,Relief_Pitcher,74.0,200.0,31.0
Roberto_Hernandez,CLE,Relief_Pitcher,76.0,250.0,42.0
Joe_Borowski,CLE,Relief_Pitcher,74.0,225.0,35.0
Matt_Miller,CLE,Relief_Pitcher,75.0,215.0,35.0
Jason_Davis,CLE,Relief_Pitcher,78.0,210.0,26.0
Mike_Piazza,OAK,Catcher,75.0,215.0,38.0
Jason_Kendall,OAK,Catcher,72.0,195.0,32.0
Adam_Melhuse,OAK,Catcher,74.0,200.0,34.0
Nick_Swisher,OAK,First_Baseman,72.0,194.0,26.0
Dan_Johnson,OAK,First_Baseman,74.0,220.0,27.0
Donald_Murphy,OAK,Second_Baseman,70.0,180.0,23.0
Mark_Ellis,OAK,Second_Baseman,71.0,180.0,29.0
Marco_Scutaro,OAK,Shortstop,70.0,170.0,31.0
Bobby_Crosby,OAK,Shortstop,75.0,195.0,27.0
Mark_Kiger,OAK,Shortstop,71.0,180.0,26.0
Antonio_Perez,OAK,Third_Baseman,71.0,170.0,27.0
Eric_Chavez,OAK,Third_Baseman,73.0,206.0,29.0
Milton_Bradley,OAK,Outfielder,72.0,205.0,28.0
Shannon_Stewart,OAK,Outfielder,71.0,200.0,33.0
Bobby_Kielty,OAK,Outfielder,73.0,225.0,30.0
Mark_Kotsay,OAK,Outfielder,72.0,201.0,31.0
Ryan_Goleski,OAK,Outfielder,75.0,225.0,24.0
Jeremy_Brown,OAK,Designated_Hitter,70.0,226.0,27.0
Jason_Windsor,OAK,Starting_Pitcher,74.0,233.0,24.0
David_Shafer,OAK,Starting_Pitcher,74.0,180.0,24.0
Joe_Blanton,OAK,Starting_Pitcher,75.0,225.0,26.0
Brad_Halsey,OAK,Starting_Pitcher,73.0,180.0,26.0
Dan_Haren,OAK,Starting_Pitcher,77.0,220.0,26.0
Rich_Harden,OAK,Starting_Pitcher,73.0,180.0,25.0
Joe_Kennedy,OAK,Starting_Pitcher,76.0,237.0,27.0
Esteban_Loaiza,OAK,Starting_Pitcher,75.0,215.0,35.0
Alan_Embree,OAK,Relief_Pitcher,74.0,190.0,37.0
Jay_Witasick,OAK,Relief_Pitcher,76.0,235.0,34.0
Justin_Duchscherer,OAK,Relief_Pitcher,75.0,190.0,29.0
Kiko_Calero,OAK,Relief_Pitcher,73.0,180.0,32.0
Chad_Gaudin,OAK,Relief_Pitcher,71.0,165.0,23.0
Lenny_DiNardo,OAK,Relief_Pitcher,76.0,195.0,27.0
Scott_Dunn,OAK,Relief_Pitcher,75.0,200.0,28.0
Huston_Street,OAK,Relief_Pitcher,72.0,190.0,23.0
Ron_Flores,OAK,Relief_Pitcher,71.0,190.0,27.0
Jay_Marshall,OAK,Relief_Pitcher,77.0,185.0,24.0
Marcus_McBeth,OAK,Relief_Pitcher,73.0,185.0,26.0
Jorge_Posada,NYY,Catcher,74.0,205.0,35.0
Wil_Nieves,NYY,Catcher,71.0,190.0,29.0
Andy_Phillips,NYY,First_Baseman,72.0,205.0,29.0
Doug_Mientkiewicz,NYY,First_Baseman,74.0,206.0,32.0
Josh_Phelps,NYY,First_Baseman,75.0,220.0,28.0
Miguel_Cairo,NYY,Second_Baseman,73.0,208.0,32.0
Robinson_Cano,NYY,Second_Baseman,72.0,170.0,24.0
Derek_Jeter,NYY,Shortstop,75.0,195.0,32.0
Alex_Rodriguez,NYY,Third_Baseman,75.0,210.0,31.0
Johnny_Damon,NYY,Outfielder,74.0,190.0,33.0
Bobby_Abreu,NYY,Outfielder,72.0,211.0,32.0
Hideki_Matsui,NYY,Outfielder,74.0,230.0,32.0
Melky_Cabrera,NYY,Outfielder,71.0,170.0,22.0
Kevin_Thompson,NYY,Outfielder,70.0,185.0,27.0
Jason_Giambi,NYY,Designated_Hitter,75.0,230.0,36.0
Mike_Mussina,NYY,Starting_Pitcher,74.0,185.0,38.0
Carl_Pavano,NYY,Starting_Pitcher,77.0,241.0,31.0
Andy_Pettitte,NYY,Starting_Pitcher,77.0,225.0,34.0
Darrell_Rasner,NYY,Starting_Pitcher,75.0,210.0,26.0
Jeff_Karstens,NYY,Starting_Pitcher,75.0,175.0,24.0
Humberto_Sanchez,NYY,Starting_Pitcher,78.0,230.0,23.0
Chien-Ming_Wang,NYY,Starting_Pitcher,75.0,200.0,26.0
Sean_Henn,NYY,Relief_Pitcher,76.0,215.0,25.0
Scott_Proctor,NYY,Relief_Pitcher,73.0,198.0,30.0
Brian_Bruney,NYY,Relief_Pitcher,75.0,226.0,25.0
Chris_Britton,NYY,Relief_Pitcher,75.0,278.0,24.0
T.J._Beam,NYY,Relief_Pitcher,79.0,215.0,26.0
Jose_Veras,NYY,Relief_Pitcher,77.0,230.0,26.0
Kyle_Farnsworth,NYY,Relief_Pitcher,76.0,240.0,30.0
Luis_Vizcaino,NYY,Relief_Pitcher,71.0,184.0,32.0
Mike_Myers,NYY,Relief_Pitcher,75.0,219.0,37.0
Mariano_Rivera,NYY,Relief_Pitcher,74.0,170.0,37.0
Ivan_Rodriguez,DET,Catcher,69.0,218.0,35.0
Vance_Wilson,DET,Catcher,71.0,190.0,33.0
Sean_Casey,DET,First_Baseman,76.0,225.0,32.0
Chris_Shelton,DET,First_Baseman,72.0,220.0,26.0
Omar_Infante,DET,Second_Baseman,72.0,176.0,25.0
Placido_Polanco,DET,Second_Baseman,70.0,190.0,31.0
Neifi_Perez,DET,Second_Baseman,72.0,197.0,33.0
Carlos_Guillen,DET,Shortstop,73.0,204.0,31.0
Ramon_Santiago,DET,Shortstop,71.0,167.0,27.0
Tony_Giarratano,DET,Shortstop,72.0,180.0,24.0
Brandon_Inge,DET,Third_Baseman,71.0,195.0,29.0
Craig_Monroe,DET,Outfielder,73.0,220.0,30.0
Magglio_Ordo?ez,DET,Outfielder,72.0,215.0,33.0
Curtis_Granderson,DET,Outfielder,73.0,185.0,25.0
Brent_Clevlen,DET,Outfielder,74.0,190.0,23.0
Marcus_Thames,DET,Outfielder,74.0,205.0,29.0
Gary_Sheffield,DET,Outfielder,72.0,205.0,38.0
Mike_Rabelo,DET,Designated_Hitter,73.0,200.0,27.0
Zach_Miner,DET,Starting_Pitcher,75.0,200.0,24.0
Jeremy_Bonderman,DET,Starting_Pitcher,74.0,210.0,24.0
Nate_Robertson,DET,Starting_Pitcher,74.0,215.0,29.0
Justin_Verlander,DET,Starting_Pitcher,77.0,200.0,24.0
Virgil_Vasquez,DET,Starting_Pitcher,75.0,205.0,24.0
Kenny_Rogers,DET,Starting_Pitcher,73.0,211.0,42.0
Mike_Maroth,DET,Starting_Pitcher,72.0,190.0,29.0
Fernando_Rodney,DET,Relief_Pitcher,71.0,208.0,29.0
Chad_Durbin,DET,Relief_Pitcher,74.0,200.0,29.0
Jason_Grilli,DET,Relief_Pitcher,77.0,210.0,30.0
Jose_Mesa,DET,Relief_Pitcher,75.0,232.0,40.0
Todd_Jones,DET,Relief_Pitcher,75.0,230.0,38.0
Joel_Zumaya,DET,Relief_Pitcher,75.0,210.0,22.0
Jordan_Tata,DET,Relief_Pitcher,78.0,220.0,25.0
Andrew_Miller,DET,Relief_Pitcher,78.0,210.0,21.0
Yorman_Bazardo,DET,Relief_Pitcher,74.0,202.0,22.0
Wilfredo_Ledezma,DET,Relief_Pitcher,76.0,212.0,26.0
Roman_Colon,DET,Relief_Pitcher,78.0,225.0,27.0
Edward_Campusano,DET,Relief_Pitcher,76.0,170.0,24.0
Rene_Rivera,SEA,Catcher,70.0,190.0,23.0
Kenji_Johjima,SEA,Catcher,72.0,200.0,30.0
Richie_Sexson,SEA,First_Baseman,80.0,237.0,32.0
Ben_Broussard,SEA,First_Baseman,74.0,220.0,30.0
Jose_Lopez,SEA,Second_Baseman,74.0,170.0,23.0
Jose_Vidro,SEA,Second_Baseman,71.0,193.0,32.0
Yuniesky_Betancourt,SEA,Shortstop,70.0,190.0,25.0
Oswaldo_Navarro,SEA,Shortstop,72.0,150.0,22.0
Adrian_Beltre,SEA,Third_Baseman,71.0,220.0,27.0
Raul_Ibanez,SEA,Outfielder,74.0,200.0,34.0
Jose_Guillen,SEA,Outfielder,71.0,190.0,30.0
Jeremy_Reed,SEA,Outfielder,72.0,185.0,25.0
Willie_Bloomquist,SEA,Outfielder,71.0,185.0,29.0
Adam_Jones,SEA,Outfielder,74.0,200.0,21.0
Ichiro_Suzuki,SEA,Outfielder,69.0,172.0,33.0
Mike_Morse,SEA,Outfielder,76.0,220.0,24.0
Felix_Hernandez,SEA,Starting_Pitcher,75.0,225.0,20.0
Ryan_Feierabend,SEA,Starting_Pitcher,75.0,190.0,21.0
Sean_White,SEA,Starting_Pitcher,76.0,195.0,25.0
Horacio_Ramirez,SEA,Starting_Pitcher,73.0,219.0,27.0
Cha_Baek,SEA,Starting_Pitcher,76.0,190.0,26.0
Miguel_Batista,SEA,Starting_Pitcher,73.0,197.0,36.0
Jeff_Weaver,SEA,Starting_Pitcher,77.0,200.0,30.0
Jarrod_Washburn,SEA,Starting_Pitcher,73.0,195.0,32.0
George_Sherrill,SEA,Relief_Pitcher,72.0,210.0,29.0
Julio_Mateo,SEA,Relief_Pitcher,72.0,177.0,29.0
J.J._Putz,SEA,Relief_Pitcher,77.0,220.0,30.0
Chris_Reitsma,SEA,Relief_Pitcher,77.0,235.0,29.0
Cesar_Jimenez,SEA,Relief_Pitcher,71.0,180.0,22.0
Eric_O'Flaherty,SEA,Relief_Pitcher,74.0,195.0,22.0
Jon_Huber,SEA,Relief_Pitcher,74.0,195.0,25.0
Jake_Woods,SEA,Relief_Pitcher,73.0,190.0,25.0
Sean_Green,SEA,Relief_Pitcher,78.0,230.0,27.0
Mark_Lowe,SEA,Relief_Pitcher,75.0,190.0,23.0
Josh_Paul,TB,Catcher,73.0,200.0,31.0
Dioner_Navarro,TB,Catcher,70.0,190.0,23.0
Shawn_Riggans,TB,Catcher,74.0,190.0,26.0
Ty_Wigginton,TB,First_Baseman,72.0,200.0,29.0
Brendan_Harris,TB,Second_Baseman,73.0,200.0,26.0
Jorge_Cantu,TB,Second_Baseman,73.0,184.0,25.0
Ben_Zobrist,TB,Shortstop,75.0,200.0,25.0
B.J._Upton,TB,Third_Baseman,75.0,180.0,22.0
Carl_Crawford,TB,Outfielder,74.0,219.0,25.0
Rocco_Baldelli,TB,Outfielder,76.0,187.0,25.0
Greg_Norton,TB,Outfielder,73.0,200.0,34.0
Elijah_Dukes,TB,Outfielder,74.0,220.0,22.0
Delmon_Young,TB,Outfielder,75.0,205.0,21.0
Jonny_Gomes,TB,Designated_Hitter,73.0,205.0,26.0
Edwin_Jackson,TB,Starting_Pitcher,75.0,190.0,23.0
Scott_Kazmir,TB,Starting_Pitcher,72.0,170.0,23.0
Casey_Fossum,TB,Starting_Pitcher,73.0,160.0,29.0
Jae_Seo,TB,Starting_Pitcher,73.0,215.0,29.0
J.P._Howell,TB,Starting_Pitcher,72.0,175.0,23.0
Tim_Corcoran,TB,Starting_Pitcher,74.0,205.0,28.0
Jason_Hammel,TB,Starting_Pitcher,78.0,200.0,24.0
James_Shields,TB,Starting_Pitcher,76.0,214.0,25.0
Brian_Stokes,TB,Starting_Pitcher,73.0,200.0,27.0
Juan_Salas,TB,Relief_Pitcher,74.0,190.0,28.0
Jeff_Ridgway,TB,Relief_Pitcher,75.0,180.0,26.0
Ruddy_Lugo,TB,Relief_Pitcher,70.0,205.0,26.0
Jae-Kuk_Ryu,TB,Relief_Pitcher,75.0,220.0,23.0
Chad_Orvella,TB,Relief_Pitcher,71.0,190.0,26.0
Dan_Miceli,TB,Relief_Pitcher,72.0,215.0,36.0
Seth_McClung,TB,Relief_Pitcher,78.0,235.0,26.0
Jon_Switzer,TB,Relief_Pitcher,75.0,191.0,27.0
Shawn_Camp,TB,Relief_Pitcher,73.0,200.0,31.0
Scott_Dohmann,TB,Relief_Pitcher,73.0,181.0,29.0
Jason_LaRue,KC,Catcher,71.0,200.0,32.0
John_Buck,KC,Catcher,75.0,210.0,26.0
Ryan_Shealy,KC,First_Baseman,77.0,240.0,27.0
Ross_Gload,KC,First_Baseman,72.0,185.0,30.0
Esteban_German,KC,Second_Baseman,69.0,165.0,29.0
Mark_Grudzielanek,KC,Second_Baseman,73.0,190.0,36.0
Angel_Sanchez,KC,Second_Baseman,74.0,185.0,23.0
Angel_Berroa,KC,Shortstop,72.0,175.0,29.0
Andres_Blanco,KC,Shortstop,70.0,155.0,22.0
Mark_Teahen,KC,Third_Baseman,75.0,210.0,25.0
Joey_Gathright,KC,Outfielder,70.0,170.0,25.0
David_DeJesus,KC,Outfielder,72.0,175.0,27.0
Shane_Costa,KC,Outfielder,72.0,220.0,25.0
Mitch_Maier,KC,Outfielder,74.0,210.0,24.0
Reggie_Sanders,KC,Outfielder,73.0,205.0,39.0
Emil_Brown,KC,Outfielder,74.0,200.0,32.0
Mike_Sweeney,KC,Designated_Hitter,75.0,225.0,33.0
John_Bale,KC,Starting_Pitcher,76.0,205.0,32.0
Luke_Hudson,KC,Starting_Pitcher,75.0,195.0,29.0
Scott_Elarton,KC,Starting_Pitcher,80.0,240.0,31.0
Odalis_Perez,KC,Starting_Pitcher,72.0,150.0,29.0
Gil_Meche,KC,Starting_Pitcher,75.0,200.0,28.0
Neal_Musser,KC,Starting_Pitcher,73.0,215.0,26.0
Brian_Bannister,KC,Starting_Pitcher,74.0,202.0,26.0
Zack_Greinke,KC,Starting_Pitcher,74.0,200.0,23.0
Jorge_De_La_Rosa,KC,Starting_Pitcher,73.0,190.0,25.0
Todd_Wellemeyer,KC,Relief_Pitcher,75.0,205.0,28.0
Jimmy_Gobble,KC,Relief_Pitcher,75.0,190.0,25.0
Joel_Peralta,KC,Relief_Pitcher,71.0,160.0,30.0
Ryan_Braun,KC,Relief_Pitcher,73.0,215.0,26.0
Joakim_Soria,KC,Relief_Pitcher,75.0,185.0,22.0
Ken_Ray,KC,Relief_Pitcher,74.0,200.0,32.0
David_Riske,KC,Relief_Pitcher,74.0,190.0,30.0
Octavio_Dotel,KC,Relief_Pitcher,72.0,210.0,33.0
Joe_Nelson,KC,Relief_Pitcher,74.0,185.0,32.0
Gerald_Laird,TEX,Catcher,74.0,220.0,27.0
Miguel_Ojeda,TEX,Catcher,74.0,190.0,32.0
Guillermo_Quiroz,TEX,Catcher,73.0,202.0,25.0
Chris_Stewart,TEX,Catcher,76.0,205.0,25.0
Mark_Teixeira,TEX,First_Baseman,75.0,220.0,26.0
Ian_Kinsler,TEX,Second_Baseman,72.0,175.0,24.0
Joaquin_Arias,TEX,Shortstop,73.0,160.0,22.0
Michael_Young,TEX,Shortstop,73.0,190.0,30.0
Hank_Blalock,TEX,Third_Baseman,73.0,200.0,26.0
Marlon_Byrd,TEX,Outfielder,72.0,229.0,29.0
Brad_Wilkerson,TEX,Outfielder,72.0,206.0,29.0
Sammy_Sosa,TEX,Outfielder,72.0,220.0,38.0
Kenny_Lofton,TEX,Outfielder,72.0,180.0,39.0
Frank_Catalanotto,TEX,Outfielder,71.0,195.0,32.0
Nelson_Cruz,TEX,Outfielder,75.0,175.0,26.0
Jason_Botts,TEX,Designated_Hitter,77.0,250.0,26.0
Robinson_Tejeda,TEX,Starting_Pitcher,75.0,188.0,24.0
John_Rheinecker,TEX,Starting_Pitcher,74.0,230.0,27.0
Edinson_Volquez,TEX,Starting_Pitcher,73.0,190.0,23.0
A.J._Murray,TEX,Starting_Pitcher,75.0,200.0,24.0
Brandon_McCarthy,TEX,Starting_Pitcher,79.0,190.0,23.0
Vicente_Padilla,TEX,Starting_Pitcher,74.0,219.0,29.0
Kevin_Millwood,TEX,Starting_Pitcher,76.0,235.0,32.0
John_Koronka,TEX,Starting_Pitcher,73.0,180.0,26.0
Frank_Francisco,TEX,Relief_Pitcher,74.0,180.0,27.0
Francisco_Cruceta,TEX,Relief_Pitcher,74.0,180.0,25.0
Akinori_Otsuka,TEX,Relief_Pitcher,72.0,200.0,35.0
Eric_Gagne,TEX,Relief_Pitcher,74.0,234.0,31.0
Ron_Mahay,TEX,Relief_Pitcher,74.0,185.0,35.0
Joaquin_Benoit,TEX,Relief_Pitcher,75.0,220.0,29.0
Rick_Bauer,TEX,Relief_Pitcher,78.0,223.0,30.0
Josh_Rupe,TEX,Relief_Pitcher,74.0,200.0,24.0
Wes_Littleton,TEX,Relief_Pitcher,74.0,210.0,24.0
C.J._Wilson,TEX,Relief_Pitcher,74.0,200.0,26.0
Scott_Feldman,TEX,Relief_Pitcher,77.0,210.0,24.0
Gregg_Zaun,TOR,Catcher,70.0,190.0,35.0
Jason_Phillips,TOR,Catcher,73.0,177.0,30.0
Lyle_Overbay,TOR,First_Baseman,74.0,227.0,30.0
Russ_Adams,TOR,Second_Baseman,73.0,180.0,26.0
Aaron_Hill,TOR,Second_Baseman,71.0,195.0,24.0
Jason_Smith,TOR,Second_Baseman,75.0,199.0,29.0
John_McDonald,TOR,Shortstop,71.0,175.0,32.0
Royce_Clayton,TOR,Shortstop,72.0,185.0,37.0
Troy_Glaus,TOR,Third_Baseman,77.0,240.0,30.0
John_Hattig,TOR,Third_Baseman,74.0,210.0,27.0
Reed_Johnson,TOR,Outfielder,70.0,180.0,30.0
Alex_Rios,TOR,Outfielder,77.0,194.0,26.0
Vernon_Wells,TOR,Outfielder,73.0,225.0,28.0
Frank_Thomas,TOR,Designated_Hitter,77.0,275.0,38.0
Adam_Lind,TOR,Designated_Hitter,74.0,195.0,23.0
Shaun_Marcum,TOR,Starting_Pitcher,72.0,180.0,25.0
Casey_Janssen,TOR,Starting_Pitcher,76.0,205.0,25.0
Gustavo_Chacin,TOR,Starting_Pitcher,71.0,193.0,26.0
A.J._Burnett,TOR,Starting_Pitcher,76.0,230.0,30.0
Roy_Halladay,TOR,Starting_Pitcher,78.0,230.0,29.0
John_Thomson,TOR,Starting_Pitcher,75.0,220.0,33.0
Tomo_Ohka,TOR,Starting_Pitcher,73.0,200.0,30.0
B.J._Ryan,TOR,Relief_Pitcher,78.0,249.0,31.0
Scott_Downs,TOR,Relief_Pitcher,74.0,190.0,30.0
Brian_Tallet,TOR,Relief_Pitcher,79.0,208.0,29.0
Matt_Roney,TOR,Relief_Pitcher,75.0,245.0,27.0
Tracy_Thorpe,TOR,Relief_Pitcher,76.0,250.0,26.0
Jean_Machi,TOR,Relief_Pitcher,72.0,160.0,24.0
Brandon_League,TOR,Relief_Pitcher,75.0,192.0,23.0
Dustin_McGowan,TOR,Relief_Pitcher,75.0,220.0,24.0
Jason_Frasor,TOR,Relief_Pitcher,70.0,170.0,29.0
Francisco_Rosario,TOR,Relief_Pitcher,72.0,197.0,26.0
Davis_Romero,TOR,Relief_Pitcher,70.0,155.0,23.0
Jeremy_Accardo,TOR,Relief_Pitcher,74.0,190.0,25.0
Mike_Redmond,MIN,Catcher,71.0,200.0,35.0
Joe_Mauer,MIN,Catcher,76.0,220.0,23.0
Chris_Heintz,MIN,Catcher,73.0,210.0,32.0
Justin_Morneau,MIN,First_Baseman,76.0,228.0,25.0
Luis_Castillo,MIN,Second_Baseman,71.0,190.0,31.0
Alexi_Casilla,MIN,Second_Baseman,69.0,160.0,22.0
Alejandro_Machado,MIN,Second_Baseman,72.0,184.0,24.0
Jason_Bartlett,MIN,Shortstop,72.0,180.0,27.0
Luis_Rodriguez,MIN,Third_Baseman,69.0,180.0,26.0
Jeff_Cirillo,MIN,Third_Baseman,73.0,200.0,37.0
Nick_Punto,MIN,Third_Baseman,69.0,176.0,29.0
Jason_Tyner,MIN,Outfielder,73.0,160.0,29.0
Michael_Cuddyer,MIN,Outfielder,74.0,222.0,27.0
Torii_Hunter,MIN,Outfielder,74.0,211.0,31.0
Lew_Ford,MIN,Outfielder,72.0,195.0,30.0
Jason_Kubel,MIN,Outfielder,71.0,200.0,24.0
Josh_Rabe,MIN,Designated_Hitter,74.0,210.0,28.0
Rondell_White,MIN,Designated_Hitter,73.0,225.0,35.0
Ramon_Ortiz,MIN,Starting_Pitcher,72.0,175.0,33.0
Johan_Santana,MIN,Starting_Pitcher,72.0,206.0,27.0
Carlos_Silva,MIN,Starting_Pitcher,76.0,240.0,27.0
Matt_Garza,MIN,Starting_Pitcher,76.0,185.0,23.0
Boof_Bonser,MIN,Starting_Pitcher,76.0,260.0,25.0
Francisco_Liriano,MIN,Starting_Pitcher,74.0,185.0,23.0
Scott_Baker,MIN,Starting_Pitcher,76.0,221.0,25.0
Pat_Neshek,MIN,Relief_Pitcher,75.0,205.0,26.0
Glen_Perkins,MIN,Relief_Pitcher,71.0,200.0,24.0
Julio_DePaula,MIN,Relief_Pitcher,72.0,170.0,24.0
Juan_Rincon,MIN,Relief_Pitcher,71.0,201.0,28.0
Jesse_Crain,MIN,Relief_Pitcher,73.0,205.0,25.0
Matt_Guerrier,MIN,Relief_Pitcher,75.0,185.0,28.0
Joe_Nathan,MIN,Relief_Pitcher,76.0,205.0,32.0
Dennys_Reyes,MIN,Relief_Pitcher,75.0,245.0,29.0
Brayan_Pe?a,ATL,Catcher,71.0,220.0,25.0
Brian_McCann,ATL,Catcher,75.0,210.0,23.0
Craig_Wilson,ATL,First_Baseman,74.0,220.0,30.0
Chris_Woodward,ATL,Second_Baseman,72.0,185.0,30.0
Pete_Orr,ATL,Second_Baseman,73.0,175.0,27.0
Martin_Prado,ATL,Second_Baseman,73.0,170.0,23.0
Tony_Pe?a,ATL,Shortstop,73.0,180.0,25.0
Edgar_Renteria,ATL,Shortstop,73.0,200.0,31.0
Chipper_Jones,ATL,Third_Baseman,76.0,210.0,34.0
Willy_Aybar,ATL,Third_Baseman,72.0,175.0,23.0
Jeff_Francoeur,ATL,Outfielder,76.0,220.0,23.0
Matt_Diaz,ATL,Outfielder,73.0,206.0,28.0
Kelly_Johnson,ATL,Outfielder,73.0,180.0,25.0
Andruw_Jones,ATL,Outfielder,73.0,210.0,29.0
Ryan_Langerhans,ATL,Outfielder,75.0,195.0,27.0
Scott_Thorman,ATL,Outfielder,75.0,200.0,25.0
T.J._Bohn,ATL,Outfielder,77.0,200.0,27.0
Tim_Hudson,ATL,Starting_Pitcher,73.0,164.0,31.0
Jonathan_Johnson,ATL,Starting_Pitcher,72.0,180.0,32.0
John_Smoltz,ATL,Starting_Pitcher,75.0,220.0,39.0
Mike_Hampton,ATL,Starting_Pitcher,70.0,195.0,34.0
Kyle_Davies,ATL,Starting_Pitcher,74.0,205.0,23.0
Chuck_James,ATL,Starting_Pitcher,72.0,170.0,25.0
Phil_Stockman,ATL,Relief_Pitcher,80.0,240.0,27.0
Macay_McBride,ATL,Relief_Pitcher,71.0,210.0,24.0
Joey_Devine,ATL,Relief_Pitcher,71.0,195.0,23.0
Peter_Moylan,ATL,Relief_Pitcher,74.0,200.0,28.0
Mike_Gonzalez,ATL,Relief_Pitcher,74.0,205.0,28.0
Lance_Cormier,ATL,Relief_Pitcher,73.0,192.0,26.0
Blaine_Boyer,ATL,Relief_Pitcher,75.0,190.0,25.0
Manny_Acosta,ATL,Relief_Pitcher,76.0,170.0,25.0
Bob_Wickman,ATL,Relief_Pitcher,73.0,240.0,38.0
Tanyon_Sturtze,ATL,Relief_Pitcher,77.0,200.0,36.0
Oscar_Villarreal,ATL,Relief_Pitcher,72.0,205.0,25.0
Rafael_Soriano,ATL,Relief_Pitcher,73.0,175.0,27.0
Chad_Paronto,ATL,Relief_Pitcher,77.0,250.0,31.0
Tyler_Yates,ATL,Relief_Pitcher,76.0,220.0,29.0
Henry_Blanco,CHC,Catcher,71.0,224.0,35.0
Michael_Barrett,CHC,Catcher,75.0,210.0,30.0
Geovany_Soto,CHC,Catcher,73.0,195.0,24.0
Scott_Moore,CHC,First_Baseman,74.0,180.0,23.0
Derrek_Lee,CHC,First_Baseman,77.0,245.0,31.0
Ryan_Theriot,CHC,Second_Baseman,71.0,175.0,27.0
Ronny_Cedeno,CHC,Shortstop,72.0,180.0,24.0
Aramis_Ramirez,CHC,Third_Baseman,73.0,215.0,28.0
Cesar_Izturis,CHC,Third_Baseman,69.0,175.0,27.0
Alfonso_Soriano,CHC,Outfielder,73.0,180.0,31.0
Jacque_Jones,CHC,Outfielder,70.0,195.0,31.0
Daryle_Ward,CHC,Outfielder,74.0,230.0,31.0
Cliff_Floyd,CHC,Outfielder,76.0,230.0,34.0
Mark_DeRosa,CHC,Outfielder,73.0,205.0,32.0
Matt_Murton,CHC,Outfielder,73.0,215.0,25.0
Buck_Coats,CHC,Outfielder,75.0,195.0,24.0
Angel_Pagan,CHC,Outfielder,73.0,180.0,25.0
Sean_Marshall,CHC,Starting_Pitcher,79.0,205.0,24.0
Carlos_Marmol,CHC,Starting_Pitcher,74.0,180.0,24.0
Ryan_O'Malley,CHC,Starting_Pitcher,73.0,190.0,26.0
Juan_Mateo,CHC,Starting_Pitcher,74.0,180.0,24.0
Rich_Hill,CHC,Starting_Pitcher,77.0,190.0,26.0
Angel_Guzman,CHC,Starting_Pitcher,75.0,190.0,25.0
Wade_Miller,CHC,Starting_Pitcher,74.0,220.0,30.0
Jason_Marquis,CHC,Starting_Pitcher,73.0,210.0,28.0
Carlos_Zambrano,CHC,Starting_Pitcher,77.0,255.0,25.0
Ted_Lilly,CHC,Starting_Pitcher,73.0,190.0,31.0
Mark_Prior,CHC,Starting_Pitcher,77.0,230.0,26.0
Neal_Cotts,CHC,Relief_Pitcher,74.0,200.0,26.0
Will_Ohman,CHC,Relief_Pitcher,74.0,205.0,29.0
Scott_Eyre,CHC,Relief_Pitcher,73.0,210.0,34.0
Kerry_Wood,CHC,Relief_Pitcher,77.0,225.0,29.0
Ryan_Dempster,CHC,Relief_Pitcher,74.0,215.0,29.0
Bob_Howry,CHC,Relief_Pitcher,77.0,220.0,33.0
Mike_Wuertz,CHC,Relief_Pitcher,75.0,205.0,28.0
Roberto_Novoa,CHC,Relief_Pitcher,77.0,200.0,27.0
Chris_Snyder,ARZ,Catcher,75.0,220.0,26.0
Miguel_Montero,ARZ,Catcher,71.0,197.0,23.0
Conor_Jackson,ARZ,First_Baseman,74.0,225.0,24.0
Robby_Hammock,ARZ,First_Baseman,70.0,187.0,29.0
Tony_Clark,ARZ,First_Baseman,79.0,245.0,34.0
Orlando_Hudson,ARZ,Second_Baseman,72.0,185.0,29.0
Stephen_Drew,ARZ,Shortstop,72.0,185.0,23.0
Alberto_Callaspo,ARZ,Shortstop,70.0,175.0,23.0
Chad_Tracy,ARZ,Third_Baseman,74.0,200.0,26.0
Chris_Young,ARZ,Outfielder,74.0,180.0,23.0
Scott_Hairston,ARZ,Outfielder,72.0,188.0,26.0
Carlos_Quentin,ARZ,Outfielder,73.0,225.0,24.0
Jeff_DaVanon,ARZ,Outfielder,72.0,200.0,33.0
Eric_Byrnes,ARZ,Outfielder,74.0,210.0,31.0
Livan_Hernandez,ARZ,Starting_Pitcher,74.0,245.0,32.0
Doug_Davis,ARZ,Starting_Pitcher,76.0,213.0,31.0
Randy_Johnson,ARZ,Starting_Pitcher,82.0,231.0,43.0
Juan_Cruz,ARZ,Starting_Pitcher,74.0,165.0,28.0
Brandon_Webb,ARZ,Starting_Pitcher,74.0,228.0,27.0
Enrique_Gonzalez,ARZ,Starting_Pitcher,70.0,210.0,24.0
Dana_Eveland,ARZ,Starting_Pitcher,73.0,250.0,23.0
Brandon_Medders,ARZ,Relief_Pitcher,73.0,191.0,27.0
Tony_Pe?a,ARZ,Relief_Pitcher,74.0,190.0,25.0
Doug_Slaten,ARZ,Relief_Pitcher,77.0,200.0,27.0
Edgar_Gonzalez,ARZ,Relief_Pitcher,72.0,215.0,24.0
Jose_Valverde,ARZ,Relief_Pitcher,76.0,254.0,27.0
Jorge_Julio,ARZ,Relief_Pitcher,73.0,232.0,27.0
Brandon_Lyon,ARZ,Relief_Pitcher,73.0,180.0,27.0
Miguel_Olivo,FLA,Catcher,72.0,215.0,28.0
Matt_Treanor,FLA,Catcher,74.0,220.0,30.0
Mike_Jacobs,FLA,First_Baseman,74.0,180.0,26.0
Dan_Uggla,FLA,Second_Baseman,71.0,200.0,26.0
Robert_Andino,FLA,Shortstop,72.0,170.0,22.0
Hanley_Ramirez,FLA,Shortstop,75.0,195.0,23.0
Miguel_Cabrera,FLA,Third_Baseman,74.0,210.0,23.0
Aaron_Boone,FLA,Third_Baseman,74.0,200.0,33.0
Joe_Borchard,FLA,Outfielder,77.0,220.0,28.0
Alfredo_Amezaga,FLA,Outfielder,70.0,165.0,29.0
Cody_Ross,FLA,Outfielder,71.0,180.0,26.0
Josh_Willingham,FLA,Outfielder,73.0,200.0,28.0
Jeremy_Hermida,FLA,Outfielder,76.0,200.0,23.0
Eric_Reed,FLA,Outfielder,71.0,170.0,26.0
Reggi_Abercrombie,FLA,Outfielder,75.0,224.0,26.0
Ricky_Nolasco,FLA,Starting_Pitcher,74.0,220.0,24.0
Anibal_Sanchez,FLA,Starting_Pitcher,72.0,180.0,23.0
Scott_Olsen,FLA,Starting_Pitcher,76.0,198.0,23.0
Josh_Johnson,FLA,Starting_Pitcher,79.0,240.0,23.0
Dontrelle_Willis,FLA,Starting_Pitcher,76.0,239.0,25.0
Logan_Kensing,FLA,Relief_Pitcher,73.0,185.0,24.0
Sergio_Mitre,FLA,Relief_Pitcher,76.0,210.0,26.0
Kevin_Gregg,FLA,Relief_Pitcher,78.0,220.0,28.0
Travis_Bowyer,FLA,Relief_Pitcher,75.0,200.0,25.0
Renyel_Pinto,FLA,Relief_Pitcher,76.0,195.0,24.0
Randy_Messenger,FLA,Relief_Pitcher,72.0,220.0,25.0
Yusmeiro_Petit,FLA,Relief_Pitcher,72.0,230.0,22.0
Carlos_Martinez,FLA,Relief_Pitcher,73.0,170.0,24.0
Taylor_Tankersley,FLA,Relief_Pitcher,73.0,220.0,23.0
Henry_Owens,FLA,Relief_Pitcher,75.0,230.0,27.0
Jose_Garcia,FLA,Relief_Pitcher,71.0,165.0,22.0
Matt_Lindstrom,FLA,Relief_Pitcher,76.0,205.0,27.0
Javier_Valentin,CIN,Catcher,70.0,192.0,31.0
Chad_Moeller,CIN,Catcher,75.0,210.0,32.0
David_Ross,CIN,Catcher,74.0,205.0,29.0
Joey_Votto,CIN,First_Baseman,75.0,200.0,23.0
Scott_Hatteberg,CIN,First_Baseman,73.0,210.0,37.0
Brandon_Phillips,CIN,Second_Baseman,71.0,185.0,25.0
Juan_Castro,CIN,Shortstop,71.0,195.0,34.0
Alex_Gonzalez,CIN,Shortstop,72.0,202.0,30.0
Mark_Bellhorn,CIN,Third_Baseman,73.0,205.0,32.0
Edwin_Encarnacion,CIN,Third_Baseman,73.0,195.0,24.0
Jeff_Keppinger,CIN,Third_Baseman,72.0,180.0,26.0
Norris_Hopper,CIN,Outfielder,69.0,200.0,27.0
Chris_Denorfia,CIN,Outfielder,73.0,185.0,26.0
Adam_Dunn,CIN,Outfielder,78.0,240.0,27.0
Bubba_Crosby,CIN,Outfielder,71.0,185.0,30.0
Jeff_Conine,CIN,Outfielder,73.0,220.0,40.0
Ken_Griffey_Jr.,CIN,Outfielder,75.0,205.0,37.0
Josh_Hamilton,CIN,Outfielder,76.0,205.0,25.0
Ryan_Freel,CIN,Outfielder,70.0,180.0,30.0
Kyle_Lohse,CIN,Starting_Pitcher,74.0,201.0,28.0
Bronson_Arroyo,CIN,Starting_Pitcher,77.0,190.0,30.0
Eric_Milton,CIN,Starting_Pitcher,75.0,208.0,31.0
Aaron_Harang,CIN,Starting_Pitcher,79.0,240.0,28.0
Elizardo_Ramirez,CIN,Starting_Pitcher,72.0,180.0,24.0
Todd_Coffey,CIN,Relief_Pitcher,77.0,230.0,26.0
Brian_Shackelford,CIN,Relief_Pitcher,73.0,195.0,30.0
Bill_Bray,CIN,Relief_Pitcher,75.0,215.0,23.0
Bobby_Livingston,CIN,Relief_Pitcher,75.0,190.0,24.0
Matt_Belisle,CIN,Relief_Pitcher,75.0,195.0,26.0
Gary_Majewski,CIN,Relief_Pitcher,73.0,215.0,27.0
Mike_Stanton,CIN,Relief_Pitcher,73.0,215.0,39.0
Brad_Salmon,CIN,Relief_Pitcher,76.0,220.0,27.0
Jared_Burton,CIN,Relief_Pitcher,77.0,220.0,25.0
David_Weathers,CIN,Relief_Pitcher,75.0,230.0,37.0
Rheal_Cormier,CIN,Relief_Pitcher,70.0,195.0,39.0
Yorvit_Torrealba,COL,Catcher,71.0,190.0,28.0
Chris_Iannetta,COL,Catcher,71.0,195.0,23.0
Alvin_Colina,COL,Catcher,75.0,209.0,25.0
Todd_Helton,COL,First_Baseman,74.0,204.0,33.0
Jamey_Carroll,COL,Second_Baseman,69.0,170.0,33.0
Kaz_Matsui,COL,Second_Baseman,70.0,185.0,31.0
Troy_Tulowitzki,COL,Shortstop,75.0,205.0,22.0
Clint_Barmes,COL,Shortstop,72.0,175.0,27.0
Garrett_Atkins,COL,Third_Baseman,75.0,210.0,27.0
Ryan_Spilborghs,COL,Outfielder,73.0,190.0,27.0
Cory_Sullivan,COL,Outfielder,72.0,180.0,27.0
Jeff_Salazar,COL,Outfielder,72.0,180.0,26.0
Willy_Taveras,COL,Outfielder,72.0,160.0,25.0
Matt_Holliday,COL,Outfielder,76.0,235.0,27.0
Brad_Hawpe,COL,Outfielder,75.0,200.0,27.0
Jeff_Baker,COL,Outfielder,74.0,210.0,25.0
Javy_Lopez,COL,Designated_Hitter,75.0,224.0,36.0
Byung-Hyun_Kim,COL,Starting_Pitcher,69.0,180.0,28.0
Rodrigo_Lopez,COL,Starting_Pitcher,73.0,190.0,31.0
Brian_Lawrence,COL,Starting_Pitcher,72.0,197.0,30.0
Josh_Fogg,COL,Starting_Pitcher,72.0,203.0,30.0
Aaron_Cook,COL,Starting_Pitcher,75.0,205.0,28.0
Denny_Bautista,COL,Starting_Pitcher,77.0,170.0,26.0
Ubaldo_Jimenez,COL,Starting_Pitcher,76.0,200.0,23.0
Jason_Hirsh,COL,Starting_Pitcher,80.0,250.0,25.0
Jeff_Francis,COL,Starting_Pitcher,77.0,200.0,26.0
Taylor_Buchholz,COL,Starting_Pitcher,76.0,220.0,25.0
Ryan_Speier,COL,Relief_Pitcher,79.0,200.0,27.0
Ramon_Ramirez,COL,Relief_Pitcher,71.0,190.0,25.0
Manny_Corpas,COL,Relief_Pitcher,75.0,170.0,24.0
Juan_Morillo,COL,Relief_Pitcher,73.0,190.0,23.0
Brian_Fuentes,COL,Relief_Pitcher,76.0,220.0,31.0
LaTroy_Hawkins,COL,Relief_Pitcher,77.0,215.0,34.0
Tom_Martin,COL,Relief_Pitcher,73.0,206.0,36.0
Jeremy_Affeldt,COL,Relief_Pitcher,76.0,215.0,27.0
Paul_Lo_Duca,NYM,Catcher,70.0,185.0,34.0
Ramon_Castro,NYM,Catcher,75.0,235.0,31.0
Julio_Franco,NYM,First_Baseman,73.0,188.0,48.0
Carlos_Delgado,NYM,First_Baseman,75.0,230.0,34.0
Jose_Valentin,NYM,Second_Baseman,70.0,195.0,37.0
Anderson_Hernandez,NYM,Second_Baseman,69.0,168.0,24.0
Damion_Easley,NYM,Shortstop,71.0,190.0,37.0
Jose_Reyes,NYM,Shortstop,72.0,160.0,23.0
David_Wright,NYM,Third_Baseman,72.0,200.0,24.0
Ben_Johnson,NYM,Outfielder,73.0,200.0,25.0
Endy_Chavez,NYM,Outfielder,70.0,189.0,29.0
David_Newhan,NYM,Outfielder,70.0,180.0,33.0
Carlos_Beltran,NYM,Outfielder,73.0,190.0,29.0
Shawn_Green,NYM,Outfielder,76.0,200.0,34.0
Moises_Alou,NYM,Outfielder,75.0,220.0,40.0
Lastings_Milledge,NYM,Outfielder,72.0,187.0,21.0
Alay_Soler,NYM,Starting_Pitcher,73.0,240.0,27.0
Mike_Pelfrey,NYM,Starting_Pitcher,79.0,190.0,23.0
Pedro_Martinez,NYM,Starting_Pitcher,71.0,180.0,35.0
Tom_Glavine,NYM,Starting_Pitcher,72.0,185.0,40.0
Chan_Ho_Park,NYM,Starting_Pitcher,74.0,210.0,33.0
Orlando_Hernandez,NYM,Starting_Pitcher,74.0,220.0,37.0
Dave_Williams,NYM,Starting_Pitcher,74.0,219.0,27.0
Oliver_Perez,NYM,Starting_Pitcher,72.0,190.0,25.0
John_Maine,NYM,Starting_Pitcher,76.0,193.0,25.0
Marcos_Carvajal,NYM,Relief_Pitcher,76.0,175.0,22.0
Ambiorix_Burgos,NYM,Relief_Pitcher,72.0,180.0,22.0
Jason_Vargas,NYM,Relief_Pitcher,72.0,215.0,24.0
Jon_Adkins,NYM,Relief_Pitcher,71.0,210.0,29.0
Juan_Padilla,NYM,Relief_Pitcher,72.0,200.0,30.0
Duaner_Sanchez,NYM,Relief_Pitcher,72.0,190.0,27.0
Pedro_Feliciano,NYM,Relief_Pitcher,70.0,185.0,30.0
Aaron_Heilman,NYM,Relief_Pitcher,77.0,220.0,28.0
Jorge_Sosa,NYM,Relief_Pitcher,74.0,170.0,29.0
Scott_Schoeneweis,NYM,Relief_Pitcher,72.0,195.0,33.0
Guillermo_Mota,NYM,Relief_Pitcher,76.0,205.0,33.0
Billy_Wagner,NYM,Relief_Pitcher,71.0,195.0,35.0
Philip_Humber,NYM,Relief_Pitcher,76.0,210.0,24.0
Brad_Ausmus,HOU,Catcher,71.0,190.0,37.0
Humberto_Quintero,HOU,Catcher,73.0,190.0,27.0
Hector_Gimenez,HOU,Catcher,70.0,180.0,24.0
Lance_Berkman,HOU,First_Baseman,73.0,220.0,31.0
Mike_Lamb,HOU,First_Baseman,73.0,190.0,31.0
Mark_Loretta,HOU,Second_Baseman,72.0,186.0,35.0
Craig_Biggio,HOU,Second_Baseman,71.0,185.0,41.0
Brooks_Conrad,HOU,Second_Baseman,71.0,190.0,27.0
Chris_Burke,HOU,Second_Baseman,71.0,180.0,26.0
Eric_Bruntlett,HOU,Second_Baseman,72.0,190.0,28.0
Adam_Everett,HOU,Shortstop,72.0,170.0,30.0
Morgan_Ensberg,HOU,Third_Baseman,74.0,210.0,31.0
Carlos_Lee,HOU,Outfielder,74.0,240.0,30.0
Jason_Lane,HOU,Outfielder,74.0,220.0,30.0
Orlando_Palmeiro,HOU,Outfielder,71.0,180.0,38.0
Luke_Scott,HOU,Outfielder,72.0,210.0,28.0
Charlton_Jimerson,HOU,Outfielder,75.0,210.0,27.0
Fernando_Nieve,HOU,Starting_Pitcher,72.0,195.0,24.0
Wandy_Rodriguez,HOU,Starting_Pitcher,71.0,160.0,28.0
Brandon_Backe,HOU,Starting_Pitcher,72.0,180.0,28.0
Matt_Albers,HOU,Starting_Pitcher,72.0,205.0,24.0
Woody_Williams,HOU,Starting_Pitcher,72.0,200.0,40.0
Roy_Oswalt,HOU,Starting_Pitcher,72.0,185.0,29.0
Jason_Jennings,HOU,Starting_Pitcher,74.0,245.0,28.0
Miguel_Asencio,HOU,Relief_Pitcher,74.0,190.0,26.0
Brad_Lidge,HOU,Relief_Pitcher,77.0,210.0,30.0
Trever_Miller,HOU,Relief_Pitcher,75.0,200.0,33.0
David_Borkowski,HOU,Relief_Pitcher,73.0,200.0,30.0
Dan_Wheeler,HOU,Relief_Pitcher,75.0,222.0,29.0
Paul_Estrada,HOU,Relief_Pitcher,73.0,215.0,24.0
Lincoln_Holdzkom,HOU,Relief_Pitcher,76.0,240.0,24.0
Chris_Sampson,HOU,Relief_Pitcher,72.0,170.0,28.0
Chad_Qualls,HOU,Relief_Pitcher,77.0,220.0,28.0
Ezequiel_Astacio,HOU,Relief_Pitcher,75.0,156.0,27.0
Mike_Lieberthal,LA,Catcher,72.0,190.0,35.0
Russell_Martin,LA,Catcher,71.0,202.0,24.0
Olmedo_Saenz,LA,First_Baseman,71.0,221.0,36.0
James_Loney,LA,First_Baseman,75.0,200.0,22.0
Nomar_Garciaparra,LA,First_Baseman,72.0,190.0,33.0
Jeff_Kent,LA,Second_Baseman,73.0,210.0,38.0
Ramon_Martinez,LA,Second_Baseman,73.0,190.0,34.0
Marlon_Anderson,LA,Second_Baseman,71.0,200.0,33.0
Rafael_Furcal,LA,Shortstop,70.0,165.0,29.0
Wilson_Betemit,LA,Third_Baseman,75.0,190.0,26.0
Andy_LaRoche,LA,Third_Baseman,71.0,185.0,23.0
Matt_Kemp,LA,Outfielder,76.0,230.0,22.0
Andre_Ethier,LA,Outfielder,73.0,208.0,24.0
Delwyn_Young,LA,Outfielder,68.0,209.0,24.0
Jason_Repko,LA,Outfielder,71.0,175.0,26.0
Juan_Pierre,LA,Outfielder,72.0,180.0,29.0
Luis_Gonzalez,LA,Outfielder,74.0,200.0,39.0
Jason_Schmidt,LA,Starting_Pitcher,77.0,205.0,34.0
Randy_Wolf,LA,Starting_Pitcher,72.0,200.0,30.0
Brad_Penny,LA,Starting_Pitcher,76.0,250.0,28.0
Derek_Lowe,LA,Starting_Pitcher,78.0,210.0,33.0
Mark_Hendrickson,LA,Starting_Pitcher,81.0,230.0,32.0
Chad_Billingsley,LA,Starting_Pitcher,72.0,244.0,22.0
Takashi_Saito,LA,Relief_Pitcher,73.0,202.0,37.0
Jonathan_Broxton,LA,Relief_Pitcher,76.0,240.0,22.0
Hong-Chih_Kuo,LA,Relief_Pitcher,72.0,200.0,25.0
Eric_Stults,LA,Relief_Pitcher,72.0,215.0,27.0
Chin-Hui_Tsao,LA,Relief_Pitcher,74.0,177.0,25.0
Tim_Hamulack,LA,Relief_Pitcher,76.0,210.0,30.0
Yhency_Brazoban,LA,Relief_Pitcher,73.0,170.0,26.0
Brett_Tomko,LA,Relief_Pitcher,76.0,215.0,33.0
Joe_Beimel,LA,Relief_Pitcher,75.0,217.0,29.0
Elmer_Dessens,LA,Relief_Pitcher,70.0,198.0,36.0
Ryan_Budde,PHI,Catcher,71.0,200.0,27.0
Rod_Barajas,PHI,Catcher,74.0,220.0,31.0
Carlos_Ruiz,PHI,Catcher,72.0,170.0,28.0
Chris_Coste,PHI,Catcher,73.0,200.0,34.0
Ryan_Howard,PHI,First_Baseman,76.0,230.0,27.0
Wes_Helms,PHI,First_Baseman,76.0,231.0,30.0
Chase_Utley,PHI,Second_Baseman,73.0,183.0,28.0
Danny_Sandoval,PHI,Second_Baseman,71.0,192.0,27.0
Jimmy_Rollins,PHI,Shortstop,68.0,167.0,28.0
Abraham_Nu?ez,PHI,Third_Baseman,71.0,190.0,30.0
Michael_Bourn,PHI,Outfielder,71.0,180.0,24.0
Chris_Roberson,PHI,Outfielder,74.0,180.0,27.0
Jayson_Werth,PHI,Outfielder,77.0,215.0,27.0
Shane_Victorino,PHI,Outfielder,69.0,160.0,26.0
Aaron_Rowand,PHI,Outfielder,72.0,205.0,29.0
Pat_Burrell,PHI,Outfielder,76.0,223.0,30.0
Greg_Dobbs,PHI,Designated_Hitter,73.0,205.0,28.0
Cole_Hamels,PHI,Starting_Pitcher,75.0,175.0,23.0
Alfredo_Simon,PHI,Starting_Pitcher,76.0,170.0,25.0
Scott_Mathieson,PHI,Starting_Pitcher,75.0,190.0,23.0
Freddy_Garcia,PHI,Starting_Pitcher,76.0,240.0,31.0
Jamie_Moyer,PHI,Starting_Pitcher,72.0,175.0,44.0
Jon_Lieber,PHI,Starting_Pitcher,74.0,230.0,36.0
Brett_Myers,PHI,Starting_Pitcher,76.0,223.0,26.0
Adam_Eaton,PHI,Starting_Pitcher,74.0,196.0,29.0
Geoff_Geary,PHI,Relief_Pitcher,72.0,167.0,30.0
Clay_Condrey,PHI,Relief_Pitcher,75.0,195.0,31.0
Ryan_Madson,PHI,Relief_Pitcher,78.0,190.0,26.0
Antonio_Alfonseca,PHI,Relief_Pitcher,77.0,250.0,34.0
Tom_Gordon,PHI,Relief_Pitcher,70.0,190.0,39.0
Brian_Sanches,PHI,Relief_Pitcher,72.0,190.0,28.0
Jim_Ed_Warden,PHI,Relief_Pitcher,79.0,190.0,27.0
Anderson_Garcia,PHI,Relief_Pitcher,74.0,170.0,25.0
Eude_Brito,PHI,Relief_Pitcher,71.0,160.0,28.0
Fabio_Castro,PHI,Relief_Pitcher,68.0,150.0,22.0
Matt_Smith,PHI,Relief_Pitcher,77.0,225.0,27.0
Damian_Miller,MLW,Catcher,75.0,220.0,37.0
Johnny_Estrada,MLW,Catcher,71.0,209.0,30.0
Mike_Rivera,MLW,Catcher,72.0,210.0,30.0
J.D._Closser,MLW,Catcher,70.0,176.0,27.0
Prince_Fielder,MLW,First_Baseman,72.0,260.0,22.0
Rickie_Weeks,MLW,Second_Baseman,72.0,195.0,24.0
Tony_Graffanino,MLW,Second_Baseman,73.0,190.0,34.0
Craig_Counsell,MLW,Shortstop,72.0,184.0,36.0
J.J._Hardy,MLW,Shortstop,74.0,180.0,24.0
Bill_Hall,MLW,Shortstop,72.0,195.0,27.0
Vinny_Rottino,MLW,Third_Baseman,72.0,195.0,26.0
Corey_Koskie,MLW,Third_Baseman,75.0,219.0,33.0
Kevin_Mench,MLW,Outfielder,72.0,225.0,29.0
Geoff_Jenkins,MLW,Outfielder,73.0,212.0,32.0
Brady_Clark,MLW,Outfielder,74.0,202.0,33.0
Tony_Gwynn_Jr.,MLW,Outfielder,72.0,185.0,24.0
Corey_Hart,MLW,Outfielder,78.0,200.0,24.0
Gabe_Gross,MLW,Outfielder,75.0,209.0,27.0
Laynce_Nix,MLW,Outfielder,72.0,200.0,26.0
Drew_Anderson,MLW,Outfielder,74.0,195.0,25.0
Claudio_Vargas,MLW,Starting_Pitcher,75.0,228.0,28.0
Chris_Capuano,MLW,Starting_Pitcher,75.0,210.0,28.0
Ben_Hendrickson,MLW,Starting_Pitcher,76.0,190.0,26.0
Dave_Bush,MLW,Starting_Pitcher,74.0,212.0,27.0
Carlos_Villanueva,MLW,Starting_Pitcher,74.0,190.0,23.0
Ben_Sheets,MLW,Starting_Pitcher,73.0,218.0,28.0
Jeff_Suppan,MLW,Starting_Pitcher,74.0,220.0,32.0
Brian_Shouse,MLW,Relief_Pitcher,71.0,190.0,38.0
Francisco_Cordero,MLW,Relief_Pitcher,74.0,235.0,31.0
Derrick_Turnbow,MLW,Relief_Pitcher,75.0,210.0,29.0
Matt_Wise,MLW,Relief_Pitcher,76.0,200.0,31.0
Grant_Balfour,MLW,Relief_Pitcher,74.0,188.0,29.0
Dennis_Sarfate,MLW,Relief_Pitcher,76.0,210.0,25.0
Jose_Capellan,MLW,Relief_Pitcher,76.0,235.0,26.0
Greg_Aquino,MLW,Relief_Pitcher,73.0,188.0,29.0
Josh_Bard,SD,Catcher,75.0,215.0,28.0
Rob_Bowen,SD,Catcher,75.0,216.0,26.0
Adrian_Gonzalez,SD,First_Baseman,74.0,220.0,24.0
Marcus_Giles,SD,Second_Baseman,68.0,180.0,28.0
Todd_Walker,SD,Second_Baseman,72.0,185.0,33.0
Geoff_Blum,SD,Shortstop,75.0,200.0,33.0
Khalil_Greene,SD,Shortstop,71.0,210.0,27.0
Paul_McAnulty,SD,Outfielder,70.0,220.0,26.0
Terrmel_Sledge,SD,Outfielder,72.0,185.0,29.0
Jack_Cust,SD,Outfielder,73.0,231.0,28.0
Jose_Cruz_Jr.,SD,Outfielder,72.0,210.0,32.0
Russell_Branyan,SD,Outfielder,75.0,195.0,31.0
Mike_Cameron,SD,Outfielder,74.0,200.0,34.0
Brian_Giles,SD,Outfielder,70.0,205.0,36.0
Kevin_Kouzmanoff,SD,Designated_Hitter,73.0,200.0,25.0
Mike_Thompson,SD,Starting_Pitcher,76.0,200.0,26.0
Clay_Hensley,SD,Starting_Pitcher,71.0,190.0,27.0
Chris_Young,SD,Starting_Pitcher,82.0,250.0,27.0
Greg_Maddux,SD,Starting_Pitcher,72.0,185.0,40.0
Jake_Peavy,SD,Starting_Pitcher,73.0,180.0,25.0
Scott_Cassidy,SD,Relief_Pitcher,74.0,170.0,31.0
Scott_Strickland,SD,Relief_Pitcher,71.0,180.0,30.0
Scott_Linebrink,SD,Relief_Pitcher,75.0,208.0,30.0
Doug_Brocail,SD,Relief_Pitcher,77.0,235.0,39.0
Trevor_Hoffman,SD,Relief_Pitcher,72.0,215.0,39.0
Heath_Bell,SD,Relief_Pitcher,74.0,244.0,29.0
Royce_Ring,SD,Relief_Pitcher,72.0,220.0,26.0
Cla_Meredith,SD,Relief_Pitcher,73.0,185.0,23.0
Andrew_Brown,SD,Relief_Pitcher,78.0,230.0,26.0
Mike_Adams,SD,Relief_Pitcher,77.0,190.0,28.0
Justin_Hampson,SD,Relief_Pitcher,73.0,200.0,26.0
Kevin_Cameron,SD,Relief_Pitcher,73.0,180.0,27.0
Ryan_Ketchner,SD,Relief_Pitcher,73.0,190.0,24.0
Brian_Schneider,WAS,Catcher,73.0,196.0,30.0
Jesus_Flores,WAS,Catcher,73.0,180.0,22.0
Larry_Broadway,WAS,First_Baseman,76.0,230.0,26.0
Nick_Johnson,WAS,First_Baseman,75.0,224.0,28.0
Bernie_Castro,WAS,Second_Baseman,70.0,160.0,27.0
Josh_Wilson,WAS,Shortstop,73.0,178.0,25.0
Cristian_Guzman,WAS,Shortstop,72.0,205.0,28.0
Felipe_Lopez,WAS,Shortstop,73.0,185.0,26.0
Ryan_Zimmerman,WAS,Third_Baseman,75.0,210.0,22.0
Nook_Logan,WAS,Outfielder,74.0,180.0,27.0
Ryan_Church,WAS,Outfielder,73.0,190.0,28.0
Kory_Casto,WAS,Outfielder,73.0,200.0,25.0
Mike_Restovich,WAS,Outfielder,76.0,257.0,28.0
Alex_Escobar,WAS,Outfielder,73.0,190.0,28.0
Austin_Kearns,WAS,Outfielder,75.0,220.0,26.0
Chris_Snelling,WAS,Outfielder,70.0,165.0,25.0
Billy_Traber,WAS,Starting_Pitcher,77.0,205.0,27.0
Tim_Redding,WAS,Starting_Pitcher,72.0,200.0,29.0
John_Patterson,WAS,Starting_Pitcher,77.0,208.0,29.0
Shawn_Hill,WAS,Starting_Pitcher,74.0,185.0,25.0
Joel_Hanrahan,WAS,Starting_Pitcher,75.0,215.0,25.0
Mike_O'Connor,WAS,Starting_Pitcher,75.0,170.0,26.0
Emiliano_Fruto,WAS,Relief_Pitcher,75.0,235.0,22.0
Chris_Schroder,WAS,Relief_Pitcher,75.0,210.0,28.0
Brett_Campbell,WAS,Relief_Pitcher,72.0,170.0,25.0
Beltran_Perez,WAS,Relief_Pitcher,74.0,180.0,25.0
Levale_Speigner,WAS,Relief_Pitcher,71.0,170.0,26.0
Jason_Bergmann,WAS,Relief_Pitcher,76.0,190.0,25.0
Saul_Rivera,WAS,Relief_Pitcher,71.0,150.0,29.0
Chris_Booker,WAS,Relief_Pitcher,75.0,230.0,30.0
Micah_Bowie,WAS,Relief_Pitcher,76.0,203.0,32.0
Jon_Rauch,WAS,Relief_Pitcher,83.0,260.0,28.0
Jerome_Williams,WAS,Relief_Pitcher,75.0,246.0,25.0
Luis_Ayala,WAS,Relief_Pitcher,74.0,186.0,29.0
Ryan_Wagner,WAS,Relief_Pitcher,76.0,210.0,24.0
Chad_Cordero,WAS,Relief_Pitcher,72.0,198.0,24.0
Humberto_Cota,PIT,Catcher,72.0,210.0,28.0
Ronny_Paulino,PIT,Catcher,75.0,215.0,25.0
Adam_LaRoche,PIT,First_Baseman,75.0,180.0,27.0
Ryan_Doumit,PIT,First_Baseman,72.0,200.0,25.0
Brad_Eldred,PIT,First_Baseman,77.0,245.0,26.0
Jose_Castillo,PIT,Second_Baseman,73.0,200.0,25.0
Jack_Wilson,PIT,Shortstop,72.0,192.0,29.0
Freddy_Sanchez,PIT,Third_Baseman,70.0,192.0,29.0
Jason_Bay,PIT,Outfielder,74.0,200.0,28.0
Jose_Bautista,PIT,Outfielder,72.0,192.0,26.0
Xavier_Nady,PIT,Outfielder,74.0,205.0,28.0
Jody_Gerut,PIT,Outfielder,72.0,190.0,29.0
Nate_McLouth,PIT,Outfielder,71.0,186.0,25.0
Chris_Duffy,PIT,Outfielder,70.0,170.0,26.0
Rajai_Davis,PIT,Outfielder,71.0,197.0,26.0
Shane_Youman,PIT,Starting_Pitcher,76.0,219.0,27.0
Yoslan_Herrera,PIT,Starting_Pitcher,74.0,200.0,25.0
Josh_Shortslef,PIT,Starting_Pitcher,76.0,220.0,25.0
Zach_Duke,PIT,Starting_Pitcher,74.0,207.0,23.0
Paul_Maholm,PIT,Starting_Pitcher,74.0,225.0,24.0
Tom_Gorzelanny,PIT,Starting_Pitcher,74.0,207.0,24.0
Shawn_Chacon,PIT,Starting_Pitcher,75.0,212.0,29.0
Tony_Armas_Jr.,PIT,Starting_Pitcher,75.0,225.0,28.0
Ian_Snell,PIT,Starting_Pitcher,71.0,170.0,25.0
Sean_Burnett,PIT,Starting_Pitcher,71.0,190.0,24.0
John_Grabow,PIT,Relief_Pitcher,74.0,210.0,28.0
Marty_McLeary,PIT,Relief_Pitcher,77.0,230.0,32.0
Salomon_Torres,PIT,Relief_Pitcher,71.0,210.0,34.0
Damaso_Marte,PIT,Relief_Pitcher,74.0,200.0,32.0
Matt_Capps,PIT,Relief_Pitcher,75.0,238.0,23.0
Josh_Sharpless,PIT,Relief_Pitcher,77.0,234.0,26.0
Bryan_Bullington,PIT,Relief_Pitcher,76.0,222.0,26.0
Jonah_Bayliss,PIT,Relief_Pitcher,74.0,200.0,26.0
Brian_Rogers,PIT,Relief_Pitcher,76.0,190.0,24.0
Juan_Perez,PIT,Relief_Pitcher,72.0,170.0,28.0
Bengie_Molina,SF,Catcher,71.0,220.0,32.0
Eliezer_Alfonzo,SF,Catcher,72.0,223.0,28.0
Lance_Niekro,SF,First_Baseman,75.0,210.0,28.0
Mark_Sweeney,SF,First_Baseman,73.0,215.0,37.0
Ray_Durham,SF,Second_Baseman,68.0,196.0,35.0
Kevin_Frandsen,SF,Second_Baseman,72.0,175.0,24.0
Omar_Vizquel,SF,Shortstop,69.0,175.0,39.0
Rich_Aurilia,SF,Third_Baseman,73.0,189.0,35.0
Pedro_Feliz,SF,Third_Baseman,73.0,205.0,31.0
Todd_Linden,SF,Outfielder,75.0,210.0,26.0
Dave_Roberts,SF,Outfielder,70.0,180.0,34.0
Jason_Ellison,SF,Outfielder,70.0,180.0,28.0
Randy_Winn,SF,Outfielder,74.0,197.0,32.0
Ryan_Klesko,SF,Outfielder,75.0,220.0,35.0
Barry_Bonds,SF,Outfielder,74.0,228.0,42.0
Fred_Lewis,SF,Outfielder,74.0,190.0,26.0
Kelyn_Acosta,SF,Starting_Pitcher,73.0,204.0,21.0
Jonathan_Sanchez,SF,Starting_Pitcher,74.0,165.0,24.0
Matt_Cain,SF,Starting_Pitcher,75.0,216.0,22.0
Matt_Morris,SF,Starting_Pitcher,77.0,220.0,32.0
Russ_Ortiz,SF,Starting_Pitcher,73.0,208.0,32.0
Noah_Lowry,SF,Starting_Pitcher,74.0,210.0,26.0
Barry_Zito,SF,Starting_Pitcher,76.0,215.0,28.0
Vinnie_Chulk,SF,Relief_Pitcher,74.0,195.0,28.0
Kevin_Correia,SF,Relief_Pitcher,75.0,200.0,26.0
Steve_Kline,SF,Relief_Pitcher,73.0,215.0,34.0
Armando_Benitez,SF,Relief_Pitcher,76.0,229.0,34.0
Scott_Munter,SF,Relief_Pitcher,78.0,240.0,26.0
Jack_Taschner,SF,Relief_Pitcher,75.0,207.0,28.0
Brian_Wilson,SF,Relief_Pitcher,73.0,205.0,24.0
Merkin_Valdez,SF,Relief_Pitcher,77.0,208.0,25.0
Brad_Hennessey,SF,Relief_Pitcher,74.0,185.0,27.0
Billy_Sadler,SF,Relief_Pitcher,72.0,190.0,25.0
Pat_Misch,SF,Relief_Pitcher,74.0,170.0,25.0
Gary_Bennett,STL,Catcher,72.0,208.0,34.0
Yadier_Molina,STL,Catcher,71.0,225.0,24.0
John_Nelson,STL,First_Baseman,73.0,190.0,27.0
Albert_Pujols,STL,First_Baseman,75.0,225.0,27.0
Adam_Kennedy,STL,Second_Baseman,73.0,185.0,31.0
Aaron_Miles,STL,Second_Baseman,67.0,180.0,30.0
David_Eckstein,STL,Shortstop,67.0,165.0,32.0
Scott_Rolen,STL,Third_Baseman,76.0,240.0,31.0
Scott_Spiezio,STL,Third_Baseman,74.0,220.0,34.0
Jim_Edmonds,STL,Outfielder,73.0,212.0,36.0
So_Taguchi,STL,Outfielder,70.0,163.0,37.0
Juan_Encarnacion,STL,Outfielder,75.0,215.0,30.0
Skip_Schumaker,STL,Outfielder,70.0,175.0,27.0
John_Rodriguez,STL,Outfielder,72.0,205.0,29.0
Chris_Duncan,STL,Outfielder,77.0,210.0,25.0
Adam_Wainwright,STL,Starting_Pitcher,79.0,205.0,25.0
Mark_Mulder,STL,Starting_Pitcher,78.0,208.0,29.0
Anthony_Reyes,STL,Starting_Pitcher,74.0,215.0,25.0
Ryan_Franklin,STL,Starting_Pitcher,75.0,180.0,33.0
Kip_Wells,STL,Starting_Pitcher,75.0,200.0,29.0
Chris_Carpenter,STL,Starting_Pitcher,78.0,230.0,31.0
Russ_Springer,STL,Relief_Pitcher,76.0,211.0,38.0
Jason_Isringhausen,STL,Relief_Pitcher,75.0,230.0,34.0
Ricardo_Rincon,STL,Relief_Pitcher,69.0,190.0,36.0
Braden_Looper,STL,Relief_Pitcher,75.0,220.0,32.0
Randy_Flores,STL,Relief_Pitcher,72.0,180.0,31.0
Josh_Hancock,STL,Relief_Pitcher,75.0,205.0,28.0
Brad_Thompson,STL,Relief_Pitcher,73.0,190.0,25.0
Tyler_Johnson,STL,Relief_Pitcher,74.0,180.0,25.0
Chris_Narveson,STL,Relief_Pitcher,75.0,205.0,25.0
Randy_Keisler,STL,Relief_Pitcher,75.0,190.0,31.0
Josh_Kinney,STL,Relief_Pitcher,73.0,195.0,27.0
